Text,Label,Notes
"Why is an artist's music often perceived as ""cheapened"" by having a predominantly teenage female fanbase? Why do people treat an artist's music as less valuable simply because it's popular among teenage girls? I've noticed that for many artists, the moment a predominantly teenage female fanbase becomes associated with them, people start dismissing the music itself, as though the audience somehow reduces the artistic value of the work. What I find particularly strange is the assumption that teenage girls liking something is evidence against its quality. Teenagers often experience emotions very intensely and tend to form deep personal connections with music. If a piece of music resonates strongly with a demographic that is actively seeking emotional expression, why is that treated as a sign that the music is shallow, rather than a sign that it has connected with its audience? Why are teenage girls' preferences so often used as a metric for judging the worth of music? (Before anyone wonders — Yes, I am a 19 year old female. And no, I am neither a Swiftie, nor a K-pop fan.) The funniest part of this thread is that a surprising number of people seem convinced I'm secretly trying to defend my own music taste. I explicitly stated that I'm not a fan of those artists because I foresaw exactly this happening: a crowd of people rushing in to explain why the artists are bad, while completely sidestepping the point I was trying to discuss. What's especially ironic is that my own music taste is quite far removed from the mainstream pop music and fandoms that people keep assuming I'm talking about. The reality is that my personal taste has very little to do with the question. Even if I listened exclusively to music that fell completely outside the stereotypes people associate with teenage girls, I'd still be asking the same thing: Why is ""teenage girls like it"" so often used as evidence that something is artistically inferior? At times it feels like people are arguing with a stereotype they've invented rather than the question I actually asked.",analysis,
"In my case it’s simply because it’s pop. Most music that’s disrespected is pop. It’s a generalization, but ‘teenage girls like it’ and ‘pop’ are synonymous in many people’s minds. I don’t think most people dislike it because teenage girls like it. People would dislike it anyway.",analysis,
"The irony is that a lot of the music targeted towards angsty male teenagers is treated like some exalted deep art. my reaction to a lot of that music is that it’s affected and sophomoric. What’s worse, a lot of adults who listened to it still haven’t “grown up” in the way that they imply enjoyers of pop music should.",hot_take,
Because patriarchy hates women. Don’t worry about all the long-winded explanations.,hot_take,
"Is it just me or has that kinda cooled down a bit? It seems like the whole ""FUCK BOY BANDS"", ""FUCK JUSTIN BIEBER"", ""FUCK BRITNEY SPEARS"" thing that was very common from 1997-2012 isn't much a thing for today. You don't seem to see K Pop acts or Harry Styles or Sabrina Carpenter or Olivia Rodrigo get the same kind of bashing. Even Taylor Swift gets classes on her lyrics.",analysis,
"We don't live in a monoculture any more; no-one has to sit listening to pop radio on the school bus, see boy bands dancing on Saturday morning TV waiting for the cartoons to come on, or wade through the videos they hate on MTV to see the ones they love.",analysis,
"True, they're more avoidable than ever, unless you work in retail.",anecdote,
"That's because at one point, straight boys actually made up a material part of pop fandom. As they have moved into other media like YT and gaming, they've basically abandoned mainstream pop. Criticizing music they don't even engage with doesn't even occur to them.",analysis,
"I'm a straight guy who hated boy bands and Britney Spears and I don't hate Taylor Swift or Sabrina Carpenter. Taylor Swift is a songwriter, Carpenter too I hear. They play instruments and write music. They're not comparable to 100% industry products like boy bands and Britney. You're right that popular culture fragmentation means people aren't stuck with things they don't like, but for the record, Taylor Swift would have been the most authentic thing on TRL.",analysis,
"Britney was an A tier entertainer though. Her dance style is super iconic. TS can't dance or hold a stage well at all without tremendous external resource. But yeah hers was pretty mindless dance music. Personally I think Beyoncé and Rihanna are loads more interesting than TS, Eilish and Carpenter. But I'm not the target audience so they don't really care what I think.",analysis,
that’s funny cause taylor swift is utter hallmark slop compared to britney and I’m so glad the music industry is past having to pay dues to her ‘solid production’ or ‘business acumen’ or whatever,hot_take,
Now instead of 'Fuck boy bands' it's 'Fuckboy bands'.,hot_take,
"Well some of that was because boy bands were very popular in the early 00s. And Bieber got a lot of backlash for coming from youtube in an era when that was looked down on. But there has always been backlash from a certain segment of music enjoyers against whatever mainstream, top 40 pop music is popular at the time. Hipster attitude is probably always gonna be a thing with edgy people who like to think they're above the masses in terms of music taste. I say this because I was definitely one of those people in high school.",analysis,
I was a teen Bieber-hater. The backlash was NOT because he came from youtube. The Lonely Island and Bo Burnham were having massive success at the same time. We hated his hair. And also it was gross to see grown women pining after a little boy.,anecdote,
Probably generational; I'm significantly older and I heard people in my peer group bring up the youtube thing a lot.,anecdote,
"lol harry, Sabrina and Olivia get no hate? Do you live under a rock?",hot_take,
"Yeah, because the industry managed to squash a lot of the rebellious elements out of music.",hot_take,
"Perhaps there is an underlying assumption about young people being impressionable, naive, easily manipulated, lacking in discrimination, and having fickle tastes, which might go along with the notion of teenagers being emotional, but also classic infantilizing and ageist, misogynist, and patriarchal ways of thinking about and seeing the world.",analysis,
"I think you're looking at it from the wrong angle. It's not necessarily that people dismiss an artist's music because teenage girls like it. The bigger factor is that many artists with predominantly teenage female fanbases were deliberately designed and marketed to appeal to that demographic in the first place. For decades, the music industry has created acts specifically aimed at young teenage girls, often prioritizing image, marketability, and emotional appeal over artistic innovation. As a result, critics sometimes associate those artists with a more commercial or ""manufactured"" approach to music. There are obviously exceptions. Bands like The Beatles or The Rolling Stones attracted huge numbers of teenage girls, but they weren't originally assembled by record labels as products for that audience. Their popularity among teenage girls was a consequence of their success, not the reason they existed. So the stereotype isn't really ""teenage girls like it, therefore it's cheap."" It's more that many acts that are perceived as manufactured happen to be targeted primarily at teenage girls, and people often confuse the audience with the marketing strategy behind the artist.",analysis,
"I have said the same thing about Duran Duran many times. They were not assembled with specific intent of being an ""MTV band"". Back in the 80's (which I still remember quite vividly) much was made about how the band were far too stylish and good-looking, so they had to be more style than substance. This was, of course, entirely unfair to the band members. John Taylor was one of the most attractive people in the world but he was also a top-shelf bass player. All you have to do is watch a video of John playing the middle section of Rio to see that he's got the chops. Sadly, he also had amazing cheekbones. According to the press, you can't be accepted as being both talented and attractive at the same time, because that was just too unfair to those who were neither.",analysis,
"Sadly, he also had amazing cheekbones this is frying me lmao",anecdote,
Glad to know someone out there appreciates me 😉,anecdote,
"OMG the number of times I watched the Wild Boys video drooling over JT. But their music was good. The stuff teenage girls line today in crap, of course.",anecdote,"The text begins with a first-person narrative and nostalgic self-disclosure, but also contains a subjective decree with no factual or analytic backing therefore it could also lean into the 'hot take' label"
"Rock music is predominantly youth culture music. Most of it was marketed toward teenagers and 20-somethings at the height of its popularity. A huge percentage of it was artificially manufactured toward teen boys. Led Zeppelin and the Sex Pistols are both pretty manufactured bands, for example. In terms of teenagers I think it has to do with western youth culture values and gender socialization. Women are usually socialized to be social glue. To not stick out, and to be friendly and nice. Part of this is to appear less threatening. Western youth culture music tends to love rebellion and edginess, values that teen guys will gravitate toward more. Due to this, an association occurs where guy music is boundary pushing, while girl music is safe. This is in part because them being socialized so makes it so, and in other part because it is expected even when reality doesn't fit.",analysis,
"The Beatles absolutely were marketed towards teenagers and teenage girls in particular when they formed. It didn't take them long to start doing their own thing, create their own image and start pushing boundaries musically. But even alot of the early songwriting was directly made to cater to teenage girls.",analysis,
"Here's the thing; I think what's lost in this discussion, and what many tend to forget, is rock n' roll was a new medium. There were no grizzled old faded rockers back in the late 50's and early 60's. It was all teenagers that liked it. Adults hated it, and they saw it as a threat. That's where the term ""generation gap"" actually stems from. Your parents were listening to Frank Sinatra and Bing Crosby, and if you were a kid in the 60's you were listening to the Beatles and the Stones. In the 50's you were listening t Elvis, Little Richard and Chuck Berry. Go watch The Buddy Holly Story, and you'll see that in the first act the preacher is talking about how ""this jungle rhythm"" was a threat to society.",analysis,
"There were no grizzled old faded rockers back in the late 50's and early 60's. It was all teenagers that liked it. I think it's worth noting that this is very much the 'small town white teenager' version of history - there were plenty of grizzled old faded rockers in the 50s, they were just invisible to that audience because they had been famous in pretty much exclusively adult, urban, black communities in the decades prior. Big Joe Turner, Roy Brown, Bessie Smith, Guitar Floyd, Louis Jordan, Jimmy Preston etc. You know, all the guys Bill Haley was ripping off and sanitizing for the suburban sock hop crowd. These guys all get a bit of a raw deal, with the Boomer version of Rock history insisting on starting in 1954 when these guys had been calling the style of R&B music they were playing 'rock and roll' since (at the latest) 1938.",analysis,
"People really underestimate this. I work with elderly people, 75+. I can’t tell you how many lived through the 60s and hated The Beatles, bc it’s prettymuch all of them. They like Paul Anka and Glenn Miller.",anecdote,
"Yeah, youre right. Teenagers were a totally new demographic becuase the 50s was the first time teenagers had a bunch of free time and disposable income. And they were easier to manipulate and market towards than older people.",analysis,
"Yes, there were. They were just all Black. If you don’t know that Sister Rosetta Tharpe has already been playing rock and roll for over two decades by the time folks like Chuck Berry and Elvis rolled around, you need to go educate yourself.",analysis,
"That wasn’t a label thing, though. The Hamburg years were before they were signed and they were personally choosing to play music young people liked, because they were young themselves and were also obsessed with it. The marketing machine of Parlophone obviously pushed them to teenage girls because that’s largely who was buying the music they were playing, but even the mop top suit look was an Epstein thing, not the label. The larger picture around this is why they’re considered best band ever; they had a pretty ridiculous amount of autonomy within the label system because they just kept making the right choices that kept influencing both the creative and industry side of music.",analysis,
lennon had said they continued to write those songs for the teenage girl audience,analysis,
"If you ever want to rile up an old man refer to the Beatles as a “boy band” Boy, do they hate that.",anecdote,
"Generally, I think ""boy band"" has the connotation of being a constructed corporate-controlled brand rather than an organically formed group. Similar to the phrase ""teen idol"" (compare Elvis and Fabian) Other than that, this old man will happily agree that the Beatles started off as a boy band, though the term seems less appropriate as their music evolved.",analysis,
Because it's not really true. They didn't answer an ad. They were actual band for years prior to that.,analysis,
"How old? Almost all the elderly men I know hate The Beatles. I work with elderly people. If you’re talking about Boomers, sure, but they’re not in the retirement home yet.",anecdote,
"I can relate to that. All the men in my family who were men in the 60s would’ve agreed that the Beatles were basically music for kids and not worth listening to, and that Elvis had more talent than any of them. They loved 50s music, classic r&b, doo wop vocal groups, in the 60s and 70s they liked soul music, country music. They didn’t want much to do with music made by the English frankly (except Elton John, who they would contend was also better than the Beatles).",anecdote,
"I wouldn't say I'm looking at it from the wrong angle, just a different one. I think what I was trying to get at is slightly different from the point you're making. That said, I completely agree with what you've written, and I can assure you I've spent quite a bit of time thinking about those aspects as well. Haha. It's a really thoughtful perspective and a good insight, thank you.",anecdote,
I think part of the issue here is there are at least 3 elements at play here: 1: the marketability element discussed above 2: young people often have divisive and new opinions on pop music 3: people fucking hate teenage girls,hot_take,"The text includes subjective pejoratives and decrees, such as 'people fucking hate teenage girls', which is stated as an absolute fact without supporting evidence or nuance. However, the commentor makes a case for their opinion using a structured format (3 eleemnts) and the subjective pejorative is just one of the three so it could be argued to be an analysis"
"This is a wise response. Why doesn't the music industry machine create pop music for teenage boys? Must be misandry right? No, its because that demographic hasn't shown the big payoff.",analysis,
"I don't entirely agree with the premise. The music industry has absolutely marketed music to teenage boys throughout history. A lot of hard rock, heavy metal, and later alternative rock acts had overwhelmingly male audiences at first. The difference is that those artists were usually sold through ideas like rebellion, toughness, authenticity, or musicianship rather than through the idol model that is often used for teenage girls. What may be true is that the industry has historically found teenage girls easier to monetize as highly dedicated fan communities. So when labels want a guaranteed commercial formula, they often target that demographic.",analysis,
Rock and Rap *are* pop music for teenage boys. Country too,anecdote,The statement could be labeled a possible hot take as the text makes a statement as an absolute fact without supporting evidence or nuance. However it has been chosing as anecdote because the statement could be from the writer's personal experience.
But these cannot earn enough money,hot_take,
You don't think Rap can earn enough money?,hot_take,"The statement is a bold assertion presented as a question without providing supporting evidence or nuance, aligning with the 'hot_take' definition. However, there seems to be potential to be labelled as an anectode as it the statement is a question."
"Boys have a broader palette. Girls want to be apart of the thing all the other girls are in on. Boys don't give a fuck about that and like what they like. It's more of a social thing than an artistic thing. Also, metal.",hot_take,
"This is so untrue? Football is the best example. Although I have met many girls into Football, when I was a kid most of the boys I knew benefited from enjoying supporting a team that the other boys supported. All humans enjoy a sence of comradery. Also, I have met far more men who have limited interests. However this may be due to my line of work in mental health, where I have met men who will only talk about trains.",anecdote,
"Sounds like something a teenage boy wrote. Teens notoriously all want to be part of the thing everyone else is into. Pick a high school and a year, and you'll see the majority of teen boys are all wearing the exact same haircut and outfit, listening to the same music. There's more social pressure on young men to perform individuality and young women to perform conformity, maybe, but every teenager is walking a tightrope of trying to fit in and stand out.",analysis,
"Your second to last paragraph is closer to what I believe OP is getting at. It often doesn't matter if the popularity with teen girls was a consequence and not the reason, as the story gets re-written in the popular consciousness. It's not necessarily that people dismiss an artist's music because teenage girls like it I'm going to use the band Sleep Token as what I believe to be an excellent modern example of this. In the late 2010s, they were the darlings of the UK prog metal scene. You can still find posts from old Facebook groups and independent review blogs where important figures in the scene talk about Sleep Token with a rare kind of excitement and respect. When they played Tech-Fest in 2018, people in the know were hailing them as the most interesting thing to happen to prog in a long time. By the time their first album dropped in 2019, they had a core fanbase of metalheads, whether or not the band were metal themselves. Cut to 2026 - Any article posted about Sleep Token is littered with insults, accusations of being industry plants, and vitriolic comparison to manufactured pop artists. There is no faster way to irritate a metalhead than to mention (groan) fucking Sleep Token. So what happened in the intervening time? Why, they became extremely popular with young women and teenage girls, of course! So what has changed about the band since 2019? Did they completely ""sell out"" and change their sound/image for this demographic? Here are some reasons young girls in particular might like Sleep Token: Shirtless frontman in a mask Erotic/dark lyrics that imply sexuality but don't treat women as objects Themes of self-doubt and needing to grow/change Hopeless romanticism Gentle pop-like sections Things that were already present in 2019: Literally all of the above Their sound has diversified a bit but is broadly the same: Piano-driven ballads (Compare 'Blood Sport' 2019 to 'Damocles' 2025) Urban beats and rap-like lyrical delivery (Compare 'Dark Signs' 2019 to 'Gethsemane' 2025) Gentle singing followed by heavy emotional bursts (Compare 'Jericho' 2017 to 'Chokehold' 2023) Heavy (Compare 'Gods' 2019 to 'Vore' 2023) Granted, there will be plenty of people who simply don't like this band, and people whose tastes changed. But there is also a large group of people who will swear blind that the band ""sold out"" and ""became a completely different band"". That there was once something respectable which has been fundamentally altered. There are also lots of people who refuse to check Sleep Token out at all because they're ""girl music"" and therefore fake/non-art/boys who go on posters. Teenage girls are cringe and anything they like must therefore, by extension, be cringe. It's really just... regular ol' misogyny.",analysis,
"This is absolute nonsense. The metal fans hating on sleep token today never liked modern prog “metal”/djent in the first place. That stuff was always seen as the worst aspects of alt rock and metalcore combined into one prog soup, where prog doesn’t imply creativity, but instead forced genre bending with no riffs. Sleep token were never metal and their old fanbase was just metalcore fans embarrassed of liking modern metalcore and hiding their shame under the “prog” label.",hot_take,
"I think this is well-worded and pretty much hits it on the head. It’s not that “teenage girls like ___ band or artist” immediately cheapens that musician to begin with, but the stuff that goes after that demographic tends to aspire for little more than lowest common denominator sentiment meant to push units more than anything else. Occasionally there are mistakes made (see Lana del Ray, she had a lot more going on than critics and some would-be pop audiences initially thought) but it largely holds. Much of pop music is like this in general.",analysis,
"No, they are not looking at it from the wrong angle. People absolutely do dismiss any thing targeted primarily at teenage girls. The Beatles and My Chemical Romance are two examples that illustrate this well. Both started off as bands marketed towards that demographic and were not taken very seriously as a result. It was only when their fanbase shifted to include adult men that their reputations improved. This is particularly egregious when considering MCR given that this shift in reputation happened while the band was inactive and not releasing new music. There is just as much art created and marketed towards male of that same age group that rarely gets anything close to this level of ire. Groups like KISS or Led Zeppelin were and still largely are worshiped by adult men, but their music was very bit as juvenile and vapid as most of what teenaged girls get ridiculed for enjoying.",analysis,
"The thing is, even if the music isn't juvenile and vapid, if it's popular with women, it's treated like it is.",hot_take,
What about it do you think makes it any less so?,hot_take,"The text implies a bold assertion or question about something being 'less so' without providing specific evidence or context, aligning with the characteristics of a 'hot_take'."
"20 years teaching music and 25 years as a professional musician. The men of the industry will literally scoff at most things my teenage girl students like... they don't do that to the stuff young men like but it's not any better It's ok for young men to obsess over their favourite artist, but not young women. ABSURD.",hot_take,"The text, although rooted in personal experience, frames its argument around subjective decrees and pejoratives like 'ABSURD' without providing specific, verifiable pop-culture precedents to support the claim. This could be classified as an anectode."
"A lot of that has nothing to do with if the music is vapid and immature or not. Things like how difficult it is to play, how ""complex"" it is, who wrote it, or who built the bands reputation don't actually impact the music itself. While the irony of somebody trying to defend Led Zeppelin as superior to other artists by claiming they wrote their own music is worth pointing out. If we are going to judge boybands for having somebody else write their music then surely we must judge Zeppelin far more harshly for literally stealing songs from people, no? Something tells me you don't really care much about that though.

You seem to be under the impression that the artists that get derided for being popular with teenaged girls only write teenage romance. If you are going to dismiss all of their lyrical content so swiftly (no pun intended) we could just as easily dismiss all of Zeppelin's lyrics being cheesy lyrics about wanting sex with women. How is that any less vapid that songs about teenage romance? The group my post was mainly about was MCR, and the complaints you are making to do apply to them, yet they got just as much hate for being popular with teenaged-girls as anybody. Which Zeppelin lyrics do you think have any real depth? One of the most common examples I see people give is Stairway, but Plant basically come out and said that while he finds the lyrics pretty, he doesn't connect with them now. There isn't depth there.",analysis,
"This has long carried over into music nerd spaces, which have long been heavily male dominated. I always thought it was peculiar when people would flaunt their ""indie"" cred and would look at me like I head two heads if I wanted to chat about about what Ani DiFranco had done for the indie music scene. Couldn't name a freakin' song. Ani.",analysis,
"That's a great point. Someone like Ani DiFranco, who built an entirely independent career at a time when that was practically unheard of doesn't even get mentioned. I almost never hear anyone talk about her",analysis,
Ani is a bit of a special case. Ani enjoyed alienating men,hot_take,
"Well, she didn't alienate me. I think men should be able to respect musicians who challenge them",anecdote,
"Teenage boy music is also similarly derided. ""Old head"" is a common insult thrown at older listeners when they criticize modern rap as being awful. Same with the pop punk bands in the 2000s. Mainstream teenager taste is just bland. Artists that market towards the lowest common denominator do not typically push the boundaries of their genre and instead opt for the safe, focus-grouped option.",analysis,
> Mainstream teenager taste is just bland. You say this but I'm old enough to remember a ton of now iconic bands just blowing up among teenagers when I was in high school.,anecdote,
Because 14 yesr old girls like shit music. There is nothing absurd about not liking that stuff at all,hot_take,
Yes because they’re all listening to the same thing 🫩 (This is sarcasm because your comment was incredibly stupid),hot_take,
"Misogyny. It's have been always that way. In the 60s when rock ""matured"" and became more consumed by male and adult audiences it became more respectable. I'm simplifying, but many musicologist point that gender factor.",analysis,
"Can I also point out that artists also get hate for having a fanbase of primarily teenage BOYS? Aka Playboi Carti and Travis Scott? It’s ageism as much as it is misogyny? I think the real perception is that teens of both genders like music more for the musicians perceived coolness and aesthetics more than the actual quality of the music…which I think is half true. Teens definitely care a lot about how cool of a person the artist is perceived as, but adults are usually much less tolerant towards new sounds. So the divide deepens",analysis,
"I wouldn't say ""as much"" like yeah artists listened to by teenage boys get shit on but music for teenage girls will get treated with such unreasonable levels of scorn way more",hot_take,
i’ve seen carti and trav get hate for a lot of things but never that their fanbases are dudes,anecdote,
"It's just good old fashioned sexism and it's not exclusive to music either. Movies with a large female audience also tend to get derided. There's even perjorative terms like women's weepers or chick flicks. The reason for this is actually quite simple: film criticism has long been and continue to be dominated by men. It's not a coincidence that the vast majority of movies that are widely heralded as classics are the sort of thing that would appeal to those male critics. Have you noticed that there's very few female characters in movies like The Godfather, Goodfellas, Apocalypse Now, Saving Private Ryan, The Dark Knight, Fight Club, The Matrix, 12 Angry Men, The Shawshank Redemption, Jaws, Schindler's List, Star Wars, Seven Samurai, Lawrence of Arabia, The Bridge on the River Kwai, 2001: A Space Odyssey, A Clockwork Orange, etc.? Heck, there are numerous acclaimed directors that rarely make movies about women, like Akira Kurosawa, Martin Scorsese, Wes Anderson, Christopher Nolan, etc. Music criticism has also long been and continue to be dominated by men. It's not a coincidence either than all those lists of the greatest music artists are always dominated by men: The Beatles, The Rolling Stones, The Beach Boys, Pink Floyd, Led Zeppelin, Queen, Jimi Hendrix, Chuck Berry, Elvis Presley, Bob Dylan, Johnny Cash, Willie Nelson, Hank Williams, Waylon Jennings, Eminem, Jay-Z, Tupac Shakur, The Notorious B.I.G., Kendrick Lamar, Michael Jackson, David Bowie, Bruce Springsteen, James Brown, Ray Charles, Nirvana, Radiohead, Oasis, Miles Davis, John Coltrane, Duke Ellington, Bob Marley, etc. Now don't get me wrong. I'm not saying that any of these movies or music artists are bad. And sure, we can all think of exceptions like Alien, Titanic, Dolly Parton, or Joni Mitchell but it would be much more difficult for anyone to come up with a list of 100 great movies without any male leads than 100 great movies without any female leads. It's not that there aren't enough of the latter but they're not widely known and very few are widely regarded as ""classics"" like the aforementioned titles. This discrepancy is even more apparent when it comes to music because there obviously are hundreds and hundreds of well-known female singers or musicians. Yet most people would still struggle to create a list of 100 great music artists consisting entirely of women while it would be easy for them to create such a list consisting only of men. An a broader level, genres that are associated as feminine like melodramas, romantic comedies, disco, or dance pop tend to get overlooked or dismissed as lightweight and frivolous, not worthy of serious discussion or evaluation. As a result, even men associated with these genres tend to be regarded lowly, like Douglas Sirk and Garry Marshall in movies or pretty much any boy band in music. Who gets to decide what's worthy? Sure, any of us can do so ourselves - and we really ought to - but on a societal level, critics have a far greater influence and, to repeat myself once again, the fields of film and music criticism have long been and continue to be dominated by men. It's really telling when a publication like Pitchfork can ignore Taylor Swift for years yet didn't hesitate to review a cover album of her music that was recorded by a lesser known male indie-rock singer, Ryan Adams. Sure, it was a bad review but she was already a far bigger name back then yet she wasn't considered worthy of being reviewed while a man recording her songs was. Now think of how many lesser known female artists get ignored by male critics who think them as unworthy of even a bad review.",analysis,
"Across industries, there's also just a lot more willingness to take risks and accept originality from artists who are men than who are women. Not to say that it's necessarily easy for men to succeed without being obviously marketable, but there are so many more examples of men hitting much higher extremes of success and originality (or even just being weird). This was especially true before the modern popstar/idol model developed in the 80s.",analysis,
"And then, at a literary level, The Bell Jar gets pigeonholed as ""the sad girl"" book. There has never been a faster route to cred than to sneer at what women or teenage girls like.",hot_take,
"This isn't an answer to your question, and it certainly isn't gendered for me, but I do get the ick when grown adults make music specifically designed to appeal to young teens, especially when that music contains sexual innuendo. And I'm including (even emphasizing) record execs and music producers in that category, not just ""artists"". I find it shocking how common that is. If that music falls under the category you're describing, then it might be an explanation as to why I personally treat it as what you call cheapened. But again, I don't see it as a gendered issue beyond the fact that males and females of that age seem to behave differently as a collective when it comes to consuming music.",anecdote,\
It shouldn't be and imo that needs to change. I used to think this way a long time ago and now thankfully I just don't care and what matters is the music. Females are dominating music in the 2020s and it's awesome. It's doing huge things I think to smash gender lines in the music industry. I'm a 35M and I listen to and love most of the pop girlies and and even starting to get into K-Pop now. Absolutely no shame.,anecdote,
"Fun fact for the people saying it’s because young women have underdeveloped taste: the first fans of Star Trek were young women. There wouldn’t be anything after the original series in the 60s if it hadn’t been for Trekkies who were making fan art, writing Spirk fan fiction and writing letters when the show got cancelled. Men entered the fan base. Now Star Trek is seen as a serious IP.",analysis,
"True. Even today, countless fandoms are kept alive by the fanfiction, fanart, and edits created by the same young women whose tastes are so often dismissed as ""underdeveloped."" The irony is hard to miss.",analysis,
"I've always found it interesting that the critical side of things has been male dominated (you see this on demographics of social media sites) while the creative and expression side of things has been female dominated - with remarkable little overlap, or even awareness that the other exists.",analysis,
Nobody sees star trek as serious art lmao,hot_take,
Please point out where I said it was art.,anecdote,
"For the same reason that books, films etc aimed at women are perceived this way",analysis,
"To answer this question, we have to begin with an honest consideration of which genres are most likely to be held in highest regard by the most people: Baroque/Classical/Romantic Blues/Jazz/Swing Anything decent that’s at least one generation out-of-date So what has your demographic loved in past decades? ‘50s Elvis: hated by parents, loved by teenagers. Now his works are Rock & Roll canon. ‘60s Beatles: dismissed when first popular, now revered as a musical deity. ‘70s ABBA: teenage disco fluff when popular, now renowned and studied in the pop world. ‘80s Duran Duran: seen as manufactured pretty boys when popular, now recognized as extremely talented musicians (and singer) who were judged unfairly at the time. ‘90s Backstreet Boys & NSYNC: only just starting to get more credit now that enough time has passed. Former frat boys will unironically belt out some of their songs at Karaoke. ‘00s Britney Spears: talk about a redemption arc in the public’s eye… The pattern seems to be that enough time needs to pass for the act in question to shed the social baggage of being rabidly adored by the youth, since the people who eventually come around to this music that they’d previously dismissed want to distance themselves from the original fan base and culture. We’ll see which current artists end up standing the test of time in a few decades. My money’s on Lady Gaga being cherished in retrospect by generations to come, like Queen and Madonna. The comparison might sound wild now, but give it time…",analysis,
"I'm late to this conversation but OP, I think you would love the poem “When I Say We Are All Teen Girls” by Olivia Gatwood. It speaks to topic and it's so good. There are videos of her reciting it on YouTube, she's fantastic.",anecdote,
"This is such a lovely recommendation, thank you! I just read the poem and looked into it a little more, and it genuinely resonated with me. There were parts of it that felt very familiar, and it touched on things I've been trying to put into words throughout this discussion much more beautifully than I ever could :)",anecdote,
Yay I'm so happy you liked it! I think of that poem often and it makes me love the idea of embracing the teen girl within us all.,anecdote,
"Most likely actual answer - sexism. Deeper answer - If it only appeals to teenage girls and not adult women, there must be a reason. People often cringe when they look back at the things they thought were deep as teenagers.",hot_take,
"I am male in my early 50s who gets ridiculed online because the Twilight books are my all-time favorite book series. People try to mock, dismiss, disparage, discredit, make fun of and deny the excellent writing, story and world that author Stephenie Meyer created. It was one of the biggest cultural events of my lifetime, but in 2026 if you mention those books on book subreddits you will get laughed at, attacked and downvoted for no reason even though it's one of all-time greatest selling book series and movie franchises in entertainment history. I feel the same way about the questions you are asking and trying to discuss regarding music based on your post topic.",anecdote,
"I think you might be one of the few people here who understood what I was actually trying to ask. What led me to make this post was noticing how often people seem reluctant to openly enjoy certain artists, books, movies, or fandoms once they're associated with teenage girls. It feels like the moment something gets that label, people start treating it as inherently less worthy of respect, and anyone who admits to liking it risks being mocked or dismissed. Just yesterday, I saw someone on Reddit admitting that their boyfriend refuses to be called a Mitski fan, because ""her fandom is full of 13-15 year old girls."" Even though he genuinely connects with her music on a fan level. I haven't read Twilight myself, but I really appreciate you sharing your experience. I think everyone deserves to enjoy the things that mean something to them without being mocked or made to feel embarrassed about it. I genuinely hope you've found, or find a warm and welcoming community where you can freely share your love for Twilight with people who are just as excited to talk about it. It's always nice to have a place where you can simply enjoy something you love without having to defend it first. :)",analysis,
"I don’t think many mature adults will refuse to be a fan of Mitski due to the implication. She is clearly a talented artist, and not at all what I associate with typical teen girls music",analysis,
"for no reason Like what you like, but there's definitely reasons.",hot_take,
Probably misogyny. Never hear the same rhetoric for boys despite them also consuming garbage.,hot_take,
Guess you've never heard someone talk about Limp Bizkit then.,hot_take,
"Not sure about that one, we got tons of mileage making fun of Linkin Park, Avenged Sevenfold, Slipknot, Insane Clown Posse, and any other ridiculous edgy bands for dudes growing up in the 2000s. We made fun of dudes obsessed with slop like Soulja Boy too.",analysis,
"I don't think that's true, stuff is absolutely derided as being for 'teenage boys'.",hot_take,
No stuff gets dismissed for teenage boys too,hot_take,
"Misogyny and the belief by some people that their appreciation of music is unaffected by looks. A lot of spaces like the printed music press (Rolling Stone etc.) and music sites (Pitchfork and similar) are dominated by men over 25+ (and often much older), who see themselves as having an omniscient view of music, which rests purely on the audio and is unaffected by any kind of visuals / backstory / charisma of the artist etc. From that viewpoint, the idea that teenage girls are into an artist is a negative, because surely they are only valuing good looks, dance routines, the outfits the artists wear, and other such nonsense. Once you strip away all of that, the music is probably not worth listening to. To me, the reality is that music is very rarely enjoyed in a vacuum and some of the biggest cultural and commercial successes have had great images. Think of Bon Iver's ""For Emma..."" which was a massive success partly because a lot of people loved the backstory + image (recording in a cabin in the woods, singer with a nice beard and backwoods clothes), Daft Punk's slick robot helmets and live shows, Gorillaz entire comic book presentation etc. It's also worth noting that most rock acts have very good looking lead singers (Oasis, Nirvana, Pearl Jam etc.). I think there is also a big gap between the emotional life of a middle aged man and a teenage girl- and most middle aged men have no interest in bridging that gap with empathy.",analysis,
If someone likes Taylor swift I think they have bad taste in music,hot_take,"The statement is a bold assertion with a subjective pejorative implying bad taste without providing any supporting evidence or nuance. However, it is could also be classified as an anecdote because it is formed from a presonal opinion/belief."
Ok but why? Do you like singer songwriters in general? Pop music?,anecdote,
"I personally don’t judge other people by their taste for one singular artist, and I’m not even a Taylor Swift fan.",anecdote,
"Well, I would say it already perceived as cheapened by having a predominantly teenage fanbase and the reason is obviously because teenagers care way more about looks, likability and relatability than grown adult. A lot of teenage stars are just successful because a lot of teenage girls have a crush on them. I mean Shawn Mendes is mediocre as hell but very handsome and a lot of teenage girls have a crush on him. So being successful among teenagers doesn’t really require artistic greatness, you just have to be likeable and relatable and teenagers (in particular girls) will obsess over you. Unfortunately, some of them are mentally ill and don’t even grow out of their crazy obsession for their favourite artists and become crazy annoying adult fandoms of those artists. In particular, those teenage fanbases (and fanbases that didn’t grow out of their obsession) are those that scream at concert which is super annoying and forces normal people to wear ear protection because it will damage your ears. Just compare artists that started as teenage stars with artists that were always targeting adults as an audience. Teenage stars are often mediocre singers with boring dull songs whereas those adult stars are always great singers and songwriters like Adele.",analysis,
"I have to say, I'm really disappointed in a lot of the takes here. Some are insightful but too many are just being lazy and crying misogyny. Criticism for something women like is not misogyny. It would be disliking it purely because women like it. I think there are far better explanations available if we use our brains for a minute. I don't think it's controversial to say that in music authenticity is valued. It's not always valued to the same degree and it's certainly nebulous what it really means. But artists who make their own way definitely get more respect than those who are supported by the industry. If you compare Billie Eilish to One Direction, one gets a lot more respect than the other despite the fact that both are popular with younger audiences. Billie's music is written and produced by herself and her brother, at least initially I'm not sure if it still is. But also initially it was done at home on a PC. One Direction was purely a creation of the industry, and it shows. Not every act that is popular with teenagers is like One Direction. The Beatles started on their own and when they were picked up by the industry they were initially marketed that way. That's not something they set out to do, it's something their label overlords picked for them. And I think it's telling that both the Beatles and Harry Styles did a lot to get away from that. The Beatles are of course the Beatles. But I haven't heard the same criticism of Harry since he went solo. So yeah authenticity is a big part of it and the nature of the industry and also how teenagers access popular culture means they really can't make their own choices. They are too young to go to shows on their own. They don't have income so they aren't buying their own music. And they are also more impressionable and suggestable. The industry takes advantage of this and pushes acts they either find or create for the most effect. This has broken down a bit since streaming became a thing but Spotify is just as if not more manipulated than the radio ever was. So you have a demographic who haven't been listening to music long. Haven't really developed their own tastes. Are a largely captive audience. And are also at the age when emotions are felt stronger and they can't regulate them, thanks to puberty. Inauthentic artists who are intentionally marketed to that demographic are naturally getting less respect than one who are authentic and happen to still be appealing to that audience. And they will get less respect than artists who are authentic and write music that appeals to a more mature audience.",analysis,
"Name a band that 'teenage boys' are crazy over that is of comparable fame and considered more valuable than a female favorite teenage pop act. I don't think anyone can. Maybe there are some popular teen male metal bands, which most I'd guess also don't get taken seriously as artists. I'd say teenage pop music, be its audience dominated by male or female teenage fans, is often low quality as far as any sense of musical sophistication. The fact that most examples anyone can think of have predominantly female fan bases would indicate its not due to misogynous reasons as that doesn't explain or line up with the market.",analysis,
"It's a specific form of misogyny. The same thing happens in movies too. Compare the response to movies aimed at teenage boys (flashy, mindless fun, turn your brain off entertainment) with the response to movies aimed at teenage girls (dumb, shallow, melodramatic).",analysis,
"Because a lot of people hate women, especially young women. So they'll denigrate anything they enjoy.",hot_take,
"FKA Twigs stood out to me at Coachella this year in how dark and “weird” the performance was and I think this touches on what you’re talking about here. Conversely, Sabrina Carpenter’s performance I found irritating. And K-Pop has become Y2K pop 2.0 to me. I didn’t mind it then but after two decades of musical discovery it’s more grating the second time around.",anecdote,"The text is primarily a first-person narrative sharing personal experiences and reactions to specific performances, with the author's opinions and feelings taking center stage."
Teenage boy stuff absolutely gets criticised too,hot_take,
"Not to the same extent, and not in way that implies teenage boys are wrong for liking that stuff. I still see more jokes about Twilight (last movie released in 2012) than I do Fast & the Furious (last movie released 2023, another one in production).",analysis,
"Give me some examples, cause I feel people are just talking out their ass
Like do you think SoundCloud rap and metal are more highly regarded than BTS or Taylor Swift. What are we comparing here?",anecdote,
Because teenagers have terrible taste and we expect people at 30 not to be expressing themselves such that mostly teenagers relate to it.,hot_take,
"The boys are less interested in music and are more interested in internet media, what with their Minecraft and the skibidi toilets and Mr. Beast: all things that are hilariously derided by their elders.",hot_take,
Teenage boys listen to cringey shit like (in my time) staind and limp bizkit. Just as immature and generic as anything girls will like.,hot_take,
Why specifically teenage girls then? Are teenage boys magically possessed of good taste and discernment?,hot_take,
"Sexism. Music that’s made and marketed towards teenage girls and young women, maybe like a boy band, is no more manufactured than the majority of rock music or hip hop music. Rappers often pretend to have a certain image and play a character to better sell their music, they’ve done it for decades. Rock music is the same. Many have ghost writers and massive marketing teams behind them. But they have the veneer of somehow being more authentic than a boy band, and a predominantly male (often white male) fan base. So the critics believe them to be more serious. It’s not just music, really anything that teenage girls enjoy is seen to be frivolous and unserious.",analysis,
"Because teenage girls generally have terrible taste in music. So do teenage boys, but they typically aren't as big or unified a demographic when it comes to music buying, so they stand out less.",hot_take,
"I guess it's a mix of misogyny and contempt for everything teenage-related. In general teenage tastes are looked down upon on the basis that ""they do not know what a good -intert thing- looks like."" In general it can be true, but when it comes to female tastes, this contempt is doubled in part because basis misoginy (a presumption that all female tastes are de facto worse) and in case of teenage girls, they can often show a passion for a thing so big (and a lot of it comes from marketing taking advantage of the position of the female consumer in general) that basicaly gives more munition to those who just need an excuse to look down upon female tastes and audience.",analysis,
"I was not judging the quality of the music. It's true that pop can be formulaic and shallow, the whole genre can be. Trap and hip hop has become very formulaic and shallow also, and does not see the same level of criticism.

But then again, most of the pop facing that criticism is not always that. I would not say that about Taylor Swift, for example, and her music is looked down upon constantly. You can like it or not, but you can't say that her music is shallow, it's easy to see the value that someone can take in it, especially a teenage girl.

In the end it's comercial music, so you can't expect a level of deepness beyond the average, but it's not so bad that justifies that level of desdain, especially comparing it to other comercial music of the same kind.

That happens in all art, in cinema a lot of romcoms are seen as garbage films when a lot of them they are actually good, only because they are targeted at women. Action films that are in the same level don't usually see that kind discourse around them. And in literature happens the same.",analysis,
I don't think it's related to that. It's just that pop.musif targeted at that specific audience tends to feel very formulaic and shallow. They always go for the same themes and tropes. Would you say that artists like The Jonas Brothers actually brought anything new to the scene ? I'd say no. Actually some of them even struggle to make new music because their Identity is tied to that fabricated image they had.,analysis,
"Teenagers are still unformed and largely shallow - anything that appeals primarily to teens likely isn't trying very hard musically. It's not limited to music - movies, books, etc. aimed at teens are usually artistically unambitious.",hot_take,
"That's often the case, but say about Led Zeppelin or Chris Nolan what is so often said about Taylor Swift or ""chick flicks"" and you'll get a group of adult men yelling at you about it.",analysis,
I agree. Unfortunately we seem to be extending adolescence - I assume because immature people are easier to control/persuade/exploit,hot_take,
"Because if your audience is predominantly popular with people with underdeveloped tastes and a tendency to respond too emotionally to things, that means that it's not resonating with others, and the majority of the time that's going to be because it's just simply not all that. Like I feel like you're taking instances where something mostly has an audience with teen girls because nobody else thinks it's very good, and kinda reframing it to be cases of people not thinking it's very good because it's liked by teenage girls.",analysis,
so like all the stuff that immature young men like???,hot_take,
"I mean, yes? An audience of primarily teens or young people will always come with that stigma, because it's kind of unavoidable. Opinions of people with less experience and available context for things will struggle to have the same weight.",analysis,
"agree, but the difference is insane. If you mention Taylor Swift or KPOP to professional musicians, they will scoff and roll their eyes... they will NOT do the same thing with young boys and all their video game music and poor quality hiphop",hot_take,
"We definitely roll our eyes at Travis Scott, Playboy Carti, basically all the SoundCloud rapper stuff is made fun of and not taken seriously at all by dudes 30+.",hot_take,
"Nah this is insane. Give me ONE professional musician that would roll their eyes at Taylor Swift or BTS. Maybe a super uptight classical musician would, but I haven't even seen that.

All ""teenager"" music is made fun of because the content is largely shallow. From Swift, to JuiceWRLD, to BTS, to Limp Bizkit. I don't see this bias against artists with teenage girl audiences, yet maybe I'm not thinking of the right acts. But if we're talking about 14-time Grammy winner Taylor Swift here, this take is stupid",analysis,
I work with them 3 or 4 nights a week durong peak season. I am a professional musician doing session work in Australia for touring artists.  Dont tell me what we talk about!!,anecdote,
"🤣🤣🤣

You're not the only musician in the music sub buddy

Is there anyone besides your friends you play with that say this? Or is your argument just that some mid-level musicians in Australia think Taylor Swift is bad?",hot_take,
You have no idea... 🤪,hot_take,
"Can you give me some examples? Just one would do. Because all I can think of is Taylor Swift. And no, Taylor Swift's doesn't suck because her audience is young girls. Her music sucks because her music is generic, bland, uninspired, mass-produced garbage. E: lmao already downvoated by Taylor Swift/pop fans. That's maybe another reason. The stan culture has made you intolerable among the real music community.",hot_take,
"Oh, absolutely. I'm glad someone well associated with the ""real music community"" asked for an example. The reason I ended up making this post in the first place was because I recently came across someone talking about how her boyfriend genuinely loves Mitski's music, listens to her regularly, and connects with it on a fan level, yet refuses to call himself a Mitski fan because he perceives her fanbase as being made up of girls aged 13–15. The music wasn't the issue. His enjoyment of the music wasn't the issue. The problem was the demographic he associated with the fandom. That's the phenomenon I'm talking about. I'm not arguing that every artist with a teenage female fanbase is good, nor am I arguing that every criticism of an artist is rooted in sexism. I'm asking why so many people seem to view sharing an interest with teenage girls as inherently embarrassing or as something that diminishes the legitimacy of that interest. And this isn't exactly a rare occurrence. People have spent years dismissing things like boy bands, romance novels, fandom culture, fanfiction communities, and various pop artists with arguments that often boil down to ""teenage girls like it."" In many cases, the audience becomes part of the criticism. If a person can thoroughly enjoy something in private but suddenly feels that their maturity, credibility, or taste is threatened once they realize teenage girls enjoy it too, then I think it's worth asking what exactly they're measuring maturity against. Because at that point, we're no longer talking about the quality of the art. We're talking about the social status of the people consuming it.",analysis,
Been skimming through this thread and FWIW I think the evaluation of art is intertwined with the evaluation of the people associated with said art. Makes me think of the 33 1/3 book about Celine Dion. Touches on a lot of this.,analysis,
"I think that generally artists with a large teenage female fanbase are stereotyped as frivolous, heavily marketed, image based, cheesy. Artists can be heavily marketed and talented simultaneously (see the Beatles), but there is a lot of slop that teenage girls have eaten up over the years.",hot_take,
You're kidding yourself if you don't think there is an equally enormous amount of slop eaten up by grown men.,hot_take,
Point to the part where I said that.,anecdote,
"You didn't, that's why I said it. Every demographic of music consumer can be found guilty of this. For some reason (misogyny) teenage girls are the most maligned for this.",hot_take,
"Probably the naivety of the themes. Ideas of love and expectations of people that have yet to experience the messiness of the real world. This demographic is also known to consume a lot of celebrity gossip, which tends to be seen as unserious and pretty silly compared to “real” news.",analysis,
"The stereotype is that teenage girls are naive, the music tends to be heavily marketed on image, it is of poor quality and they tend to grow out of it and look back with embarrassment about it. The same doesn't seem to apply to teenage boys so much, or at least the stereotype there is they tend to try to seem older than they are, or edgier, so try to get into genres like rap or metal and go OTT on scoffing at music their female classmates are into. But the same can apply, people don't exactly look back fondly on nu metal for its primarily teen male fanbase.",analysis,
"I feel like people don't care that much about what audience an artist has, just the type of music they make. You guys are putting the cart before the horse A lot of music aimed at female teenagers is vapid and focused on image. A lot of music aimed at male teenagers is edgy to point of being cringe. It's the music people are disliking not the audience",analysis,
ABSOLUTE RUBBISH,hot_take,
Care to explain specifically what? I am going by stereotype here in an answer to the question rather than my specific thoughts on the matter. It does tend to be unfair.,anecdote,
"Many music fans never got the girls they wanted in high school “I didn’t like you anyway” energy has always been strong with the music nerd crowd But really, it’s more self-centeredness and emotional repression than anything. Men view themselves as more logical than women. That’s false. Men view themselves as less emotional than women. That’s false. Anger, rage, despair, and existential dread are emotions experienced by teenagers, just as much as love and romance, but many male music fans act like their emotions are “more adult” than other emotions. So they scoff at the teenage girls. Music fans are also in a permanent quest for authenticity, and are dismissive of many pop authenticity signals. Lots of teenage girls don’t give a shit about that.",analysis,
"ts eliot pointed out that we are not legitimised or actualised by our strongest emotions - they are what turns unique, thinking individuals into an amorphous rabble. the strong emotions teenage girls (and - as a male ex-teenager myself - not just girls) develop around music are precisely the reason their predilictions should be taken with a pinch of salt, and not treated as a metric of quality. not that the reverse is true, either - just because teenagers like something doesn't necessarily make it shallow or bad",analysis,
I don’t know the answer but there’s something in here about the response to Olivia Dean vs Taylor Swift,analysis,
"Because the perception is that they only like them because of their looks, and not for any sort of artistic merit.",hot_take,
"Yes. This is huge. And idk. Might be people not secure in their masculinity sometimes? The Cure, Beach Boys, Empire of the Sun, Tame Impala, The Monkees 5 groups/artists off the top of my head that are utterly incredible, but people act the way you mentioned about them, and they don't get the respect they deserve from the masses.",analysis,"The text provides specific, verifiable pop-culture precedents, such as naming The Cure and Beach Boys, to support the argument about certain groups not getting the respect they deserve. However, the choice of groups seem o be gotten from a personal opinion rather than factual claims. Therefore, it could be considered a hot_take or anecdote"
"I was once a teenage girl and looking back…I think that when an artist becomes strongly associated with that type of audience, it triggers a cultural bias that treats female adolescence as vapid and fleeting which then automatically devalues the art they gravitate towards. When the Backstreet Boys showed up, (despite being a vocally talented group) they were widely dismissed and made fun of in part because their fanbase was 99% teenage girls.",analysis,
"25 and afab- they are correct it’s just misogyny. There are plenty of other kinds of fans who actually suck for reasons worth discussing, like for example a portion of mitski’s current audience. But it’s unmatched by the vitriol k-pop Stans get for sure. And this I feel has even seemed to calm down some, especially in swiftyville, the discourse around her was even worse when she was younger and dating. I was a big fan while one direction was still active. I experienced so much misogyny not just in online spaces but often to my face! From boys my own age and also grown ass men who were like 50. Don’t let anyone tell your interests aren’t worthy of engaging with or artistic analysis.",anecdote,
"I was a kid who was into rock and metal (Black Sabbath and the Beatles were some of the first via family members, and The Police were the first music that was ""mine""), and then teen girl and young woman who was music obsessed and smug that I listened to smart, loud, weird, difficult music. Big ""I'm not like other girls"" energy, it was definitely self directed misogyny. I wound my way through lots of genres and then in my 40s landed in pop, kpop in particular. It's been delightful. I stopped caring about what music is ""better"" and just started having fun; being jaded and critical got to be tiring. It's the first time I've been around mostly female music fans and I love the passion and creativity. I still listen to all of the music I picked up over the years, and I like to discover new performers and genres. When I stopped judging my own taste I also eased up on what other people like, in particular teens. My life is better spent digging into the things I love than belittling what other people live musically.",anecdote,
"It has less to do with the artist, than the fans reaction, and even more to do with the perceived reasons why the fans like the artist. The more that people perceive that the artist is about something other than the music, the more disdain they receive. When someone makes generi-pop, is shown exclusively in sexy poses, and shows up out of nowhere on every teen girl popular media, it's easy to think it's not about the music. When teenage girls have dozen of photos of the musician in sexy poses in their locker and only know the two songs playing on the radio, that cements it. It is difficult to think of a female artist that is marketed to boys in the same way that is treated differently. There are certain girl k-pop bands that fit the bill, but they aren't thought highly of outside of the fanbase.",analysis,
"I’ll speak to the more insular side of hardcore music fans. Rock and recently indie music often focus on counter culture elements. Misongy really restricted a lot of great female for so long. Pop is where woman could break through while still getting the approval of record executives. There is a flood of great female rock and indie singers now, but before there were very few in the 90s, 2000s, and early 10s. Rock and indie hipster kids HATED record executives. They also HATE new fans, posers, or people who “don’t pay their dues” or haven’t gone to shows. Also some certainly hated woman and girls because they were a bit incely and could not get women’s attention or women did not care about their counter culture music. I remember when lady Gaga came to lollapalooza the second time and she had just gotten absolutely huge. She was opposing the strokes at the height of their fame and her crowd obliterated theirs in numbers. Everyone at the fest was highly debating who they were going to go see. Lollapalooza was literally flooded with new teenage fans, and often male dominated space, and the fest was changing. Younger, more equal gender split instead of just the Nivnana/Soungarden older male fan. People who had never been to a rock show before flooded in to see her and teen boys/men who never cared about rock followed the girls /young women to party . There was a clear “culture clash” happening and it played out live at every band especially the ones before lady Gaga. The lady Gaga fans, many had never been to a big concert or festival ever before. They fought over the front rows, literally feral. A friend tried to leave the band before lady Gaga and the fans crushed in to get a good spot for her. He got scratched so hard trying to leave it drew blood because fans thought he was “stealing their spot” or pushing too hard in the crowd crushes. He stayed to watch her out of concern new fans would literally not let him slip past them and her set was fantastic. There is always conflict when new fans rush into a crowd, especially young ones. Near Travis scott or earl sweatshirt at a festival I had the same problem with white teen boys - just don’t know how to behave themselves yet. Everyone learns with time but teens are particularly ignorant and some don’t mind being annoying. I hope they look back at that time as having tons of fun but matured a bit since then.",analysis,
well its apart of life. my mother like alot of songs from the 80s and i cant blame her. lust let the teenage girls have fun and you too! its makes alot of memories to tell your kids if you have any !,anecdote,
"If I could offer some sort of counter argument, those Pop artists are purposely marketed to teenage female audiences, but almost no music is marketed just for young male audiences. It’s all marketing.",analysis,
"The patriarchy. It’s this notion that teenage girls are dumb and vapid, therefore nothing they like can have any substance or be taken seriously. I was a teenage girl in the 2000s when being “not like other girls” was the ideal. I’m glad we’ve largely moved past that as a society, but some people still feel the need to look down on whatever young girls like to try and feel better about themselves.",anecdote,
That is actually an excellent question. Why are teenagers sneered upon in general? They are held to unachievable standards and expected to have the maturity of an adult three times their age.,analysis,
"This is a pretty interesting topic. Reading this, I can see some of the different nuances. On the one hand, making art that is enjoyed by teenage girls should not be a mark against the artist. Some have talked about how different genres of music and artists were dismissed ranging from the early Beatles, Girl Groups, different types of pop music and pop stars, good looking artists. Over time, people have been able to recognize the artistic merit of these artists. On the other hand, artists who are appealing to teenage girls in a more predatory way casts different undertones to the music. And there's also the distinction people have between being widely appealing and manufacturing your music to be widely appealing. In the broad sense, I know there's the discussion on children's media vs general audience media vs teenager media vs adult media. All of these categories can have artistic merit. But at different age groups, it's expected that you'll enjoy the media that is most appropriate. Some of this is valid: enjoying only children's media could cause you to miss out on art that presents a more nuanced perspectives and experiences. It's important to broaden one's palette. But you also can't just put adult themes into children's media before they're ready. Because that can also distort one's childhood experiences and their sense of boundaries. I actually think there's quite a bit to sift through and hope we can discuss it more.",analysis,
"This isn't hard. Although obviously not all bands liked by teen girls are like this, there is no denying the endless string of what is essentially some version of the Bay City Rollers.",hot_take,
"The answer is simply misogyny, and a lot of the comments here back this up (and a lot seem hilariously unaware of it).",hot_take,
If the interest is ONLY tween girls that is not a great sign for the music. Whether it is Top 40 or club hits or whatever there's got to be some appeal elsewhere.,hot_take,
Probably because it’s generic shite that values clothes and dance moves as equal to musical talent.,hot_take,
Name literally any star that young girls are fans of and dancing and fashion are huge parts of their identity and performances.,hot_take,
like stuff that appeals to young men is about fucking and fighting? Interesting...,hot_take,
"Yeah, grown ups don’t really rate things aimed at young boys either.",hot_take,
It's not treated with the same disdain. Been watching it for 25 years,anecdote,
"Of course it is.

If a grown up told you their favourite film was fast and furious 5 you would obviously laugh at it.",hot_take,
"Tbf I don't think the matrix can be considered ""mindless slop"". Fast and Furious definitely can.",hot_take,
"Misogyny. Young boys can care about anything and entire industries take their interests and even craft jobs specifically to cater that demographic even when they’re not even a big demographic anyway, whereas young girls and women create massive cultural phenomena through fandom (aka sci-fi with Frankenstein which was created by a teenage girl, The Beatles wouldn’t have gone anywhere near where they went without massive support from mostly young girls, Star Trek only survived thanks to women back in its first seasons, not to mentions all the things young girls invented in STEM and medicine that nobody talks about because women and girls invented them yet every success by a man or a boy is always celebrated and slapped on every frontline - as it should be, but not only for boys!) and either they’re dismissed and made fun of or the thing they started becomes so big it becomes impossible to ignore so men will appropriate the thing and push women out of it. Like they did with the entirety of sci-fi and Star Trek in particular. And when girls and women have an interest it had better be food or marriage or popping babies out or being conventionally attractive for men or else we’ll be attacked, abused or often killed for living outside of the restrictive boxes the patriarchy wants us to follow. On the flip side, if boys want to engage in things that are seen as “feminine” they’ll also be abused or killed because, well, feminine things are seen by the patriarchy as inferior to engage with. And homophobia and transphobia heavily intersects with all of this btw. Patriarchal social structures, racism and capitalism are straight up the origin point of almost every problem in the world tbh, and they intersect all the time.",analysis,
"The Beatles had a largely teenage female fanbase… that said teenagers of any sex typically have bad taste in music, they are only exposed to so much and are more prone to falling for marketing",hot_take,
"Rigid ideas of masculinity cause society to mock and suppress things young women enjoy. Until men claim them later as serious art. IE Elvis Presley. Who was derided as a shallow hick for screaming girls. Or The Beatles. You know, Misogny.",analysis,
Because you don't get that audience by making anything other than cheap music,hot_take,
"Misogyny. That’s the answer. I know you’re not a Swiftie, OP, and neither am I, but I started looking a bit more closely Taylor Swift’s success a while ago and this is what I noticed. Take a close look at the main similarities between Taylor Swift and a more “serious” male artist - let’s go with Bruce Springsteen. Both are very successful singer-songwriters, obviously. Both are excellent lyrical storytellers; most of their songs tell interesting, sometimes quite dark and moving stories, that are not necessarily autobiographical, many in which they are playing characters, the protagonists. Both have had big hits with catchy, lighter “pop” singles, eg Springsteen with “Dancing in the Dark”, “Hungry Heart”, for example. Swift with most of her early song catalogue. Both have also done more serious and introspective acoustic-leaning work, Swift with Folklore and Evermore, Springsteen with The River and Nebraska. Now I will gladly die on the hill that they are incredibly similar artists. Yet Springsteen gets revered as a musical genius and the voice of a generation; Swift is dismissed by the same critics as “music for teenage girls”. Swift’s massive success and popularity can only be tempered by making her work seem trivial and less significant, even though the only real difference is…her audience. This is misogyny at work.",analysis,
"Taylor Swift audience demographic according to a survey quoted by Forbes: Swifties are nearly evenly split between men and women, with 52% women and 48% men, and they span multiple generations, including 45% millennials, 23% baby boomers, 21% Gen X, and 11% Gen Z.",analysis,
Teenage boys make music for themselves. The number of teenage boys starting bands vs teenage girls is probably 10 to 1 at least. Most of them suck and everyone knows it. The cream rises and you get all sorts of pretty respectable music. You also get a lot of shit which is derided like idk blink 182 or something which is seen as being pretty childish and lame. Even limp bizkit makes their own music and came up playing clubs and stuff and is a total punch line. Compare that to Miley Cyrus or Brittany spears who are creations of Disney.,analysis,
And why aren't teen girls starting bands?,hot_take,
"
It's mainly because current teenage girls have trash music taste and are consuming the most garbage slop you will ever see and the most horrible artists are becoming famous because of this

It's like you mentioned. Teenage girls right now mainly consume kpop and taylor swift. Which is garbage ",hot_take,
Don’t say all that and leave bro-country out of the discussion.,hot_take,
Ridiculous take.,hot_take,
How? They are consuming garbage hence this sterotype ,hot_take,
The Beatles quit touring because the couldn’t hear themselves amidst the girls screaming.,analysis,
And how is this answering my question?,hot_take,
"Youth is one reason. Older people see that they are being left behind. Things are not being targeted towards them anymore. This is both confusing and angering to them. Taking that out or dismissing current pop culture is a tiny way to fight those feelings. They call things that teenagers like now frivolous and unnecessarily vulgar. Unlike the things that they liked in their youth. These things of course were once also seen as frivolous and vulgar but are now “classic” in their eyes. Another factor is more nefarious. Older songs are often not from the viewpoint of teens girls but very often about them. Stalking them, or being unable to control illicit feelings towards them. Teen girls are one of the groups that start trends. They can influence the culture. The knowledge that girls may not be as easily manipulated into having an interest in them makes those who fetishize teen girls angry. This anger is mostly unconscious so it’s often taken out on the stuff teens girls like. A “Why is she so passionate about that pop star but looks at me like I’m a creep?” type thing.",analysis,
"Misogyny. Look at how the Beatles were treated during their prime, and now they are considered the greatest 4 piece of all time. The music is the same now as it was back then, people just hate women and girls, it’s really that simple.",hot_take,
"Because when music is made with teenage girls as the target audience, everyone else is going to think it sounds like shit",hot_take,
"Talked to my wife to get her opinion. She basically came to the conclusion that within our (American) culture music is the male equivalent of fashion. Women do fashion and makeup to turn themselves in art. The primary reason could be said for attracting others, but the culture and artistic value goes way beyond. They'll want to look cute for themselves, or for others outside of sex. Meanwhile men tend to put little effort in. Music has the same thing for men. A performing artist like a musician can get laid, so men will buy guitars or learn to rap. But it goes beyond that where it's also about impressing their peers and there's a culture around it. Women trend toward putting in little effort in developing music taste. Her experience was taste in music for teen boys when she grew up was a crapshoot. If she got music recs she'd get a huge variety of music. Meanwhile, most girls she knew tended to list just pop hits.",analysis,
"Honest answer? Teenage girls are mostly scared of ostracism and want to fit in with the crowd, this generally leads to having very basic and pedestrian tastes in media consumption.",hot_take,
"I'm gonna play devil's advocate and say it's not inherently sexism. In most cases the music that appeals to teenage girls is incredibly shallow and lacks perspective about the real world. I.e. songs about highschool/college, love and relationships, partying, etc. For an artist's fanbase to be mostly teenage girls, reflects poorly on the nature of the content of the artists music.",hot_take,
"Why ""teenage girls"" and not simply ""teenagers"" then? Are you suggesting teenage boys have more ""perspective about the real world""?",analysis,
"Teenage girls literally control the music industry. Its been a thing since the first time Elvis thrusted his hips on TV and they cut to a teenage girl swooning over him. The formula is quite simple. Teenagers (no offense) are gullible, they are easily manipulated and succumb to peer pressure relatively easily. If you want to capture the largest portion of the teenage demographic, then all you need to do is get girls to go, and the boys will simply follow. If you market to teenage boys, you don't usually get too many girls. Teenagers also have no responsibilities, they don't care how they spend their money because they don't often have to work for it, and many are on an allowance. Finally, a majority of people stop consuming new music in their late teens and early 20s, so marketing music to an adult crowd tends to not be as lucrative as marketing to teens. Teens, again no offense, are more apt to become super fans because their world experience is a lot more narrow, and in a world of trying to fit in, and make sense of the pit falls of high school while also figuring out who you are as a person, when you find something you feel represents you, there's a much stronger connection as a teen. So when music is obviously just marketed to teenage girls, it can be hard to take seriously as fan of music as an artform more than a product. The late 90s and early 00s were prime examples in fairly recent times. The ""boy band era."" N'Sync, 98 degrees, Backstreet Boys etc. Great performers, sure. But nothing about them was actually targeted to boys, it was all designed with the idea of getting young girls interested in them, so the boys who were interested in the girls would follow. And given the music industry's extensive past of grooming and pedophilia, there's an extra layer of gross attached to it to me when grown ass men are writing music for other men to perform that is targeted at a teenage girl demographic.",analysis,
"Broadly speaking - the teen girl demographic cares more about how music makes them feel than about artistic merit - so they’re more easily marketed to by inauthentic pop acts (like manufactured boy bands) who can target those emotional buttons with minimal artistic merit. It’s about prioritising feeling and not technical musical greatness - so the artistic bar is lower. Then people observe that trend and say ‘their taste is cheap’. Broadly speaking - guys tend to be more in awe of technical musical skill and consider what it requires of an artist to create great authentic art; they’re more likely to debate the great guitar soloists, rap lyricists, classic albums etc because men prioritise competence and innately recognise hierarchy, even in music, to be significant. They do it with sports and comedy, they care about technical accomplishment - so the artistic bar is higher. Teen girls dont tend to debate those things simply because they value them less than how much an artist pushes their emotional buttons - desire, fantasy, inspiration etc - if they do that job, even if it’s a manufactured pop group, it’s met the threshold of what matters. That doesn’t imply teen girls dont like great artists, it just means they may tend to like them for different reasons to guys. So that’s why, IMO, theres a difference between guys and girls tastes - but why are girls judged for that difference? Because of course it’s the men who are the ones doing the judging - men’s tendency to rate everything by hierarchy and competence (less on emotion alone) dominate discussions of art.",analysis,
Sexism. Look at the way media for women is treated in general. Its a lot of petty whiny men in control who feel threatened by teenage girls not conforming to their way of being and so they try to make it shameful. I don't like Twilight. I respect someone who does because it's a story and if it's fun that's all that matters. I don't like Taylor Swift and find her incredibly problematic and anti feminist. I still respect the right of people that do. Music is subjective. So it shouldn't be somehow wrong or bad to like something but... If people were allowed to be happy we couldn't be sold stuff to fill the gaping void where confidence used to be,hot_take,
"Misogyny… basically that music for teenage girls is inevitably vapid and overly sentimental (“they’re emotional… [and thus unserious]”), as well as inherently sexually charged or motivated (“they’re sexy, and boy-crazy”). Silly and I’m glad and grateful that’s been on its way out.",hot_take,
"It's not inherent to music created by or for teenage girls, but I do absolutely believe the mechanisms of capitalism and mainstream media do target girls with more 'trash' than boys a lot of the time, something which is categorically rooted in misogyny. It's just dumbfuck misogynists see the boxes people try to put girls in, and think that it all comes from what the girls want. Misogyny also inherently is a barrier to women being given the space and license to write the kinda stuff that would just be seen as 'good' regardless. There's gonna be more 'functional' but uninspiring content when the risks of rocking the boat are much greater. Men have simply been allowed to indulge themselves more.",analysis,
"You managed to put into words something I've been feeling for a long time but struggled to articulate. I was wishing I could get a valid reasoning that's something other than sexism or misogyny for once, but the downvotes on my post and some of these comments are a proof that we aren't escaping these boxes anytime soon.",anecdote,
"That's a strange conclusion to draw when I've repeatedly engaged with explanations that had nothing to do with misogyny.

In fact, some of the comments I've appreciated most in this thread were the ones offering alternative perspectives and factors I hadn't considered before. I made this post because I was interested in understanding the phenomenon better, not because I was looking for people to repeat back a conclusion I'd already settled on.

You don't have to agree with my interpretation, but I don't think it's fair to characterise curiosity about a topic as evidence that someone is unwilling to hear opposing views.

And if you're going to make claims about my motives, you could at least read my replies first. They make it pretty clear that I've been engaging with explanations beyond the one you've decided I'm attached to.",anecdote,
"I can understand why my comment gave you that impression. However, once this post started gaining traction, I received a lot of responses from people who brought perspectives and experiences that I simply don't have. I've been making a genuine effort to read through them carefully and with an open mind, and I've come across several insights that I found valuable and hadn't considered before. I've even made a point of thanking people for sharing their perspectives when they approached the discussion with a degree of skepticism or criticism, because the whole reason I made this post was to hear viewpoints that differed from my own.

When I said, ""I wish I could find a valid explanation other than sexism or misogyny for once,"" I don't think I expressed myself very clearly. What I meant was that I made this post precisely because I wanted to explore explanations that went beyond those frameworks. I was hoping to discover different angles, challenge my own assumptions, and better understand a phenomenon that I've been thinking about for a long time.

You don't have to take my word for it, but that has genuinely been my intention throughout this discussion :)",anecdote,
"Yes, teen girls are targeted more by the market machine because that's where the big payoff has been. Its all about money. Meanwhile, nobody sees more hate than male pop country acts. Misogyny is a lazy argument.",hot_take,
"I think you're confusing cause for effect, I think it's more that cheap pop attracts younger audiences and it's safer to have boys objectified so it's typically a young female audience... Just my opinion, let the crucifixion commence",hot_take,
"You're lecturing me about not stereotyping teenage girls while simultaneously stereotyping me because you think I'm young. I think you're making a different point than I am. I'm well aware of the impact that predominantly female fanbases have had throughout music history. My question is why people so often use the presence of a teenage female fanbase as evidence that an artist is bad. And why is it so normalised to generalise such a huge demographic, just like you did when you said, ""It's not the teenage girls that suck, it's the current music they're listening to that does."" Teenage girls aren't a monolith. We're not all listening to the same artists, genres, or songs. Reducing an entire demographic to whatever music trend you personally associate with teenage girls is exactly the kind of thinking I'm questioning.",analysis,
"The Beatles are actually evidence for what OP is saying though. While The Beatles had that predominantly female fanbase, their music was looked upon as being frivolous. But they had a demographic shift, which happened at the same time as their music becoming more complex and more experimental. Whether the girls stopped listening because of the music changing, I cannot say. But there absolutely were two main phases for them: the early phase, where they had simple music (that critics shat on) and loads of screaming girls at shows, and the later phase, where the music was more artsy, the critics much kinder, and the music bought mainly by guys.",analysis,
"The Beatles were huge across the youth demographic from the beginning. They did have a sort of boy band appeal (""which one do you think is cutest?"") but by no means were they seen as a band primarily for or listened to by girls. They took over pop music. Elvis was a big sex symbol among teenage girls but was huge across the youth demographic too. Frank Sinatra too in his time. Point being, I don't think they're counter examples to what OP was saying. Bands seen as being primarily for boys at the exclusion of girls are maligned for it too, but not to the same degree. I think that's the real disparity.",analysis,
"I'm not sure what question you are answering- but I don't think it is the one being asked. The Beatles are revered by critics, but almost in spite of the fact that their first fans were teenage girls. There is certainly not an overall feeling that whatever music today's teenage girls are into is probably worth paying attention to, after all they were the ones who discovered The Beatles.",analysis,
"I would distinguish, though, that those aren't Blues guys, they are Rock guys. There were old Blues guys, too, certainly.

The urban Jump Blues/R&B scene that birthed Rock and Roll during Prohibition shared 'blue notes' but wasn't really in conversation with Blues, the genre, for the most part (which was more of a rural folk tradition), until you get to get into the mid 50s, the result of both genres moving towards the electric guitar and crossover artists like Howlin' Wolf.

That Elvis story sounds a bit apocryphal to me - while he did cover a couple songs by black artists (famously, lol), Elvis's early Sun 'Rockabilly' era is pretty so deeply Western Swing that it really doesn't sound like black music at the time, to my ears, at least, until 1956, a year after he first performed with Holly. But, of course, impossible to know what sounded like what in Texas 70 years ago.",analysis,
"Again, you're judging it by today's standards. A kid in Lubbock is not going to know what Elvis looks like if he only hears him on the RADIO.

And black musicians were playing rhythm and blues. Not ""western swing."" Guys like Eddie Cochran and Buddy Holly took a lot their country and western roots, and combined it with R & B. Tour poster didn't go up until maybe a couple of days before a show.

The reason why you think the early history of rock n' roll is ""bullshit,"" is because you're overthinking things and you think that the world you see around you as always existing. ""Oh, how can you not know what Elvis look liked?"" If you're from a relatively small town in the Middle of the country with one newspaper and you had to go down to the town center and watch Ed Sullivan on a TV in a department store window, which a lot people did, then the chances of seeing Elvis before buying his records or seeing him live were very small, until he was in his first movie ""Love Me Tender."" John Lennon said the first time he saw Elvis was at the movies. Many 45s were still being shipped in plain paper sleeves until the mid 50's with no artwork on them.

This reminds me of when I told someone about the tragedy of the band Badfinger, how their manager ripped them off, and Warner Bros pulled their album ""Wish You Were Here,"" and refused to release their next album. Someone asked me ""why couldn't they release their music themselves?"" I told him it was 1974 and that wasn't an option. They couldn't grasp there was no way for you to do that back then, because a world without the internet or things like YouTube and Spotify didn't seem possible. It's not ""boomer history,"" it's just history.",analysis,